[{"id":"32","username":"amir","password":"0987","image":"32","email":"amir22@gmial.com","name":"Amirali","lastname":"Alizada","type":"\u0627\u0633\u062a\u0627\u062f","status":"1"},{"id":"33","username":"mustafa","password":"6789","image":"33","email":"Mustafa@yahoo.com","name":"Mustafa","lastname":"Muhammady","type":"\u0627\u0633\u062a\u0627\u062f","status":"1"},{"id":"34","username":"khalil","password":"1234","image":"34","email":"KhalilAhamd786@gmail.com","name":"KhalilAhmad","lastname":"Yosufi","type":"\u0627\u0633\u062a\u0627\u062f","status":"1"},{"id":"35","username":"fatema","password":"8764","image":"35","email":"Fatemacs@gamil.com","name":"Fatema","lastname":"Mohamady","type":"\u0634\u0627\u06af\u0631\u062f","status":"1"},{"id":"36","username":"nargis33","password":"nargis","image":"36","email":"Nargisnabizada99@gmail.com","name":"Nargis","lastname":"Nabizada","type":"\u0634\u0627\u06af\u0631\u062f","status":"1"},{"id":"38","username":"kamalhussain","password":"12345","image":"38","email":"kamalhussainalizada@gamil.com","name":"Kamal","lastname":"Alizada","type":"\u0645\u062f\u06cc\u0631","status":"1"}]